nr;stadt;name;strasse;plz;ort;stadtteil;telefon;email;email_quelle;website;bewertung;anzahl_bewertungen;pruef_partner;quelle
1;Berlin;Excellent Unfallgutachten | Zertifizierter Kfz Sachverständiger und Kfz Gutachter;Backbergstr. 33;12359;Berlin;Britz;0163 8 88 88 84;info@excellent-unfallgutachten.de;Gelbe Seiten;http://www.excellent-unfallgutachten.de;5.0;5;;https://www.gelbeseiten.de/gsbiz/31764be1-1ff8-4e02-9704-f7a0effe7cc5
2;Berlin;Dipl.-Ing. G. Urbanke & Partner - Kfz-Sachverständige;Drontheimer Str. 20;13359;Berlin;Gesundbrunnen;030 4 94 87 88;kontakt@urbanke.net;Gelbe Seiten;http://www.urbanke.net;4.8;4;;https://www.gelbeseiten.de/gsbiz/af194768-f109-4cd1-b19e-f8ac003a9581
3;Berlin;Dein Unfallgutachter;Gneisenaustr.55;10961;Berlin;Kreuzberg;0172 2 61 86 77;Info@dein-unfallgutachter.com;Gelbe Seiten;http://Dein-Unfallgutachter.com;5.0;2;;https://www.gelbeseiten.de/gsbiz/c354b20a-5450-49c2-b442-1c0d1a5f4c62
4;Berlin;Hantschel Matthias KFZ-Sachverständiger;Hindenburgdamm 58A;12203;Berlin;Lichterfelde;030 85 99 92 43;info@ingenieurbuero-hantschel.de;Gelbe Seiten;http://ingenieurbuero-hantschel.de;1.0;2;;https://www.gelbeseiten.de/gsbiz/89ff1eb2-de92-4a0b-b0d4-86a0ba007d64
5;Berlin;Kfz-Prüfstelle u. Kfz-Sachverständige Andrè Engelmann u. Klaus-Dieter Schmidt;Alt-Biesdorf 72A;12683;Berlin;Biesdorf;030 51 70 03 73;info@engelmann-schmidt.de;Gelbe Seiten;https://www.prüfstelle.berlin;5.0;1;;https://www.gelbeseiten.de/gsbiz/35969f01-b6e1-4c30-b7fa-3cab8107d694
6;Berlin;GBDF/ Kfz-Gutachter Pankow Weissensee D. Feuersenger;Lehderstr. 59;13086;Berlin;Weißensee;030 41 99 52 04;kontakt@daniel-feuersenger.de;Impressum/Website;https://www.kfz-gutachter-berlin.online;;;;https://www.gelbeseiten.de/gsbiz/100e4f49-bd13-45b4-b0b9-9445189a11f8
7;Berlin;Ingenieurbüro Rein – Kfz Unfallgutachter, Kfz Sachverständiger & Kfz Gutachter in Berlin;Alt-Moabit 98;10559;Berlin;Moabit;0176 85 95 43 92;rein@sv-ibr.de;Impressum/Website;https://sv-ibr.de;;;;https://www.gelbeseiten.de/gsbiz/0253259d-535f-4f05-95cd-2138cbe565d4
8;Berlin;Profi Gutachten 24;Alexanderstraße 25;10179;Berlin;Mitte;0176 36 34 54 63;kontakt@profigutachten24.de;Impressum/Website;https://profigutachten24.de/;;;;https://www.gelbeseiten.de/gsbiz/0580dd64-1317-4deb-9bd9-1d9ffb2118a0
9;Berlin;Zynova Gutachten;Dudenstraße 78;10965;Berlin;Schöneberg;0151 67 36 32 19;info@zynova-gutachten.de;Impressum/Website;https://zynova-gutachten.de/;;;;https://www.gelbeseiten.de/gsbiz/7da33c1c-d9e1-4f03-a6a3-45a71f3f26d8
10;Berlin;ARG KFZ-GUTACHTEN, Ingenieurbüro, Unfallsachverständiger;Gottschedstraße 1;13357;Berlin;Gesundbrunnen;0157 37 32 26 49;Kfz-Gutachter-arg@web.de;Impressum/Website;https://www.arg-gutachter.de/;;;;https://www.gelbeseiten.de/gsbiz/6535d84b-cf9a-4e6f-a713-57c3c19f7d27
11;Berlin;Kfz-Sachverständigenbüro A. Adler GmbH;Kurfürstendamm 195;10707;Berlin;;030 40 75 59 49;info@kfz-gutachter-adler.de;Impressum/Website;https://kfz-gutachter-adler.de/;;;;https://www.gelbeseiten.de/gsbiz/49fbba14-9feb-4df6-bce3-033c0b42c436
12;Berlin;HB-Gutachten | Kfz-Sachverständiger;Osloer Straße 94A;13359;Berlin;Gesundbrunnen;0176 58 88 51 07;info@hb-gutachten.de;Impressum/Website;http://www.HB-Gutachten.de;;;;https://www.gelbeseiten.de/gsbiz/6a464ea5-bba1-4584-aefe-b33203937f0b
13;Berlin;Gutachter4You;Brandenburgische Str. 10;10117;Berlin;Wilmersdorf;030 99 26 70 37;info@gutachter4you.com;Impressum/Website;https://www.gutachter4you.com/;;;;https://www.gelbeseiten.de/gsbiz/f1064e13-370f-4672-a96a-44f26a139d1d
14;Berlin;Klarcheck KFZ Gutachter;brandenburgische strasse 77;10713;Berlin;Wilmersdorf;030 95 99 67 48;;;http://www.Unfallexperte-berlin.de;;;;https://www.gelbeseiten.de/gsbiz/395f692c-d127-4e4b-8747-193141cdd8cf
15;Berlin;Sachverständiger Erdmann;Greta-Garbo-Str. 6;13189;Berlin;Pankow;0176 49 39 74 87;kontakt@sv-erdmann.de;Impressum/Website;https://www.sv-erdmann.de/;;;;https://www.gelbeseiten.de/gsbiz/b65adac7-13ef-47d5-832d-1f9060d08c7a
16;Berlin;ADEL Gutachten;Warthestr. 4;12051;Berlin;Neukölln;0179 2 24 23 00;info@adel-gutachten.de;Impressum/Website;https://adel-gutachten.de/;;;;https://www.gelbeseiten.de/gsbiz/caffa887-ab33-4640-b5bd-174069ab58ba
17;Berlin;Kfz Sachverstaendigenbüro Karagoez UG;Holsteinischestr. 24;12161;Berlin;Steglitz;0176 83 40 55 41;info@kfz-sachverstaendigenbuero-karagoez.de;Impressum/Website;https://www.kfz-sachverstaendigenbuero-karagoez.de;;;;https://www.gelbeseiten.de/gsbiz/b6233cfa-757c-4dfd-9db9-ffd59af39d30
18;Berlin;KFZ Gutachten Zentrum Berlin GmbH;Gutsmuthsstraße 6;12163;Berlin;Steglitz;0176 22 74 35 37;info@gutachtenzentrum-berlin.de;Impressum/Website;https://gutachtenzentrum-berlin.de/;;;;https://www.gelbeseiten.de/gsbiz/9fcee2bd-6166-4cf2-b3a7-c6bc35cd19d5
19;Berlin;Gutachterbüro H.Jallous;Josef-Orlopp-Str. 51;10365;Berlin;Lichtenberg;0176 20 21 78 08;info@jallous-kfz-gutachten.de;Impressum/Website;https://www.jallous-kfz-gutachten.de/;;;;https://www.gelbeseiten.de/gsbiz/8ac01543-fd2a-4af1-8700-9d27a262b9f6
20;Berlin;Kfz-Sachverständiger Tuna Ayran;Unter den Rüstern 10;12167;Berlin;Steglitz;0151 46 34 33 63;info@kfz-gutachten-ayran.de;Impressum/Website;https://www.kfz-gutachten-ayran.de;;;;https://www.gelbeseiten.de/gsbiz/69b22b74-a8ab-4f09-be5c-b4a22d5c635f
21;Hamburg;Eggers Christian Kfz-Sachverständigenbüro;Wragekamp 1;22397;Hamburg;Duvenstedt;040 63 12 84 48;info@unfallgehabt.de;Impressum/Website;http://www.unfallgehabt.de;5.0;38;;https://www.gelbeseiten.de/gsbiz/09ab6911-73d9-4224-a238-bf18f24f44a6
22;Hamburg;POINT of GUTACHTEN GmbH;Borgfelder Str. 84;20537;Hamburg;Borgfelde;040 22 89 73 53;info@pointofgutachten.de;Impressum/Website;http://www.pointofgutachten.de;5.0;15;;https://www.gelbeseiten.de/gsbiz/9a73104e-340c-4b28-99d4-067572838bef
23;Hamburg;KST KFZ-Sachverständigenteam GmbH;Habichtstr. 106;22307;Hamburg;Barmbek-Nord;040 61 18 53 60;;;http://www.kfz-sachverstaendige.org;5.0;1;;https://www.gelbeseiten.de/gsbiz/a4772ddf-736b-4395-b821-805a6d413737
24;Hamburg;Hamburg Kfz Gutachter Shahry;Legienstr.;22111;Hamburg;Horn;0176 44 60 47 04;info@hamburg-kfzgutachter.com;Impressum/Website;http://www.hamburg-kfzgutachter.com;5.0;1;;https://www.gelbeseiten.de/gsbiz/073b9418-2612-422b-a4f7-95861267fb4e
25;Hamburg;Unfallretter GbR - Ihr Ingenieurbüro für Kfz-Gutachten;Klosterwall 2;20095;Hamburg;Altstadt;040 60 05 10 49;kontakt@unfallretter.com;Impressum/Website;https://unfallretter.com/;5.0;1;;https://www.gelbeseiten.de/gsbiz/d830e554-b0cc-4d5d-b146-7daf3522360d
26;Hamburg;ALKAN ÜSTÜNER KFZ-Gutachter;Luruper Hauptstr. 45;22547;Hamburg;Lurup;0174 3 82 48 33;info@kfzgutachteralkan.de;Impressum/Website;http://www.kfzgutachteralkan.de;;;;https://www.gelbeseiten.de/gsbiz/d48509a6-f012-419e-a3b2-00ce5fdc6d3a
27;Hamburg;Gezgin Alper KFZ-Sachverständigenbüro;Farnhornstieg 10;22525;Hamburg;Eidelstedt;0176 20 48 57 56;info@kfzgutachter-gezgin.de;Impressum/Website;http://www.kfzgutachter-gezgin.de;;;;https://www.gelbeseiten.de/gsbiz/f1c82838-5fc5-42e5-82bd-8208b4955133
28;Hamburg;KFZ-Sachverständigenbüro Kohn und Thomas Inh. Michael Kohn;Frohmestr. 106;22459;Hamburg;Schnelsen;040 5 59 10 60;info@sv-kohn-thomas.de;Impressum/Website;http://www.sv-kohn-thomas.de;;;;https://www.gelbeseiten.de/gsbiz/7e4d7d48-d33e-4907-a6e1-4ef810e6ba04
29;Hamburg;Bense + Jessen KFZ-Sachverständige;Großmoorbogen 11B;21079;Hamburg;Neuland;040 7 67 00 70;info@bense-jessen.de;Impressum/Website;http://www.bense-jessen.de;;;;https://www.gelbeseiten.de/gsbiz/df74457a-6fae-45e9-8421-0c55eeec42d1
30;Hamburg;Bense + Jessen, Ingenieurbüro für Kfz-Technik;Brookkehre 4;21029;Hamburg;Bergedorf;040 7 35 94 00;info@bense-jessen.de;Impressum/Website;http://www.bense-jessen.de;;;;https://www.gelbeseiten.de/gsbiz/7e0f52d0-d07b-43ef-9ee9-5cd8abea4f29
31;Hamburg;Kfz-Sachverständigenbüro, Maik Decampe;Winsener Str. 1;29614;Soltau;Abelbeck;05191 96 45 34;info@sv-decampe.de;Impressum/Website;http://www.kfz-gutachter-heidekreis.de;;;;https://www.gelbeseiten.de/gsbiz/8174edb4-fbf4-402e-badc-82a95533b886
32;Hamburg;Schönknecht KFZ-Sachverständigenbüro;Ulzburger Str. 145;22850;Norderstedt;Harksheide;040 52 54 04-1;info@sv-schoenknecht.com;Impressum/Website;http://www.sv-schoenknecht.com;;;;https://www.gelbeseiten.de/gsbiz/78344a34-473e-43cc-b07d-d86240d2bd73
33;Hamburg;2S-KFZ Ingenieur- & Sachverständigenbüro GbR - Hamburg;Neuer Wall 80;20354;Hamburg;Neustadt;0179 4 65 25 94;kontakt@crashexperts24.de;Impressum/Website;https://www.crashexperts24.de/kfz-gutachter-hamburg;;;;https://www.gelbeseiten.de/gsbiz/8e163e24-cd1b-4baf-96ab-b3a54cbd3bfc
34;Hamburg;Bären Kfz-Gutachten Norderstedt;Aspelohe 32;22848;Norderstedt;Garstedt;0176 80 41 04 89;info@baeren-automotive.de;Impressum/Website;http://baeren-gutachten.de;;;;https://www.gelbeseiten.de/gsbiz/4a9b4225-fff1-428b-b7bf-0681cda0d00b
35;Hamburg;Der Gutachter Ingenieur- / KFZ-Sachverständingenbüro;Möllner Landstr. 128;22117;Hamburg;Billstedt;015510 74 86 31;;;https://www.der-gut-achter.de;;;;https://www.gelbeseiten.de/gsbiz/c54d223e-30f3-4836-8399-c67b08d449af
36;Hamburg;DSB - Das Sachverständigen Büro;Graudenzer Weg 5;22049;Hamburg;Dulsberg;015566 21 25 28;info@dsb-gutachten.de;Impressum/Website;https://dsb-gutachten.de;;;;https://www.gelbeseiten.de/gsbiz/177239bb-8737-40c7-957c-28d933a2cae6
37;Hamburg;ELB INGENIEURE | Kfz-Gutachter | Ingenieurbüro;Wandsbeker Chaussee 82;22089;Hamburg;;0171 9 29 26 06;;;https://elb-ing.de/;;;;https://www.gelbeseiten.de/gsbiz/96565ad2-a7dd-456a-8360-a426c4ffb9e7
38;Hamburg;ELBNORD Gutachten - Kfz Sachverständiger;Haldesdorfer Str. 106;22179;Hamburg;Bramfeld;0175 7 51 99 44;info@elbnord.de;Impressum/Website;https://elbnord-gutachten.de;;;;https://www.gelbeseiten.de/gsbiz/dff83903-b7ac-4e31-8410-2797878e49d0
39;Hamburg;Expertise-Gutachten Hamburg;Elfsaal 51a;22043;Hamburg;Jenfeld;0173 1 31 84 74;info@expertise-gutachten.de;Impressum/Website;http://www.expertise-gutachten.de;;;;https://www.gelbeseiten.de/gsbiz/65b0b399-5d53-465a-8d15-373092a06330
40;Hamburg;Fahrzeug Gutachterin;Unterer Landweg 24;22113;Hamburg;Billbrook;0177 1 89 62 42;info@fahrzeug-gutachterin.de;Impressum/Website;https://fahrzeug-gutachterin.de;;;;https://www.gelbeseiten.de/gsbiz/2ad93729-0311-4152-b79f-385179151359
41;München;089 Gutachten Kfz-Sachverständigenbüro Zwez;Thorwaldsenstr. 31RGB;80335;München;Neuhausen;089 85 63 50 32;info@089gutachten.de;Impressum/Website;https://089-kfz-gutachten-muenchen.de/;5.0;56;;https://www.gelbeseiten.de/gsbiz/6e895761-2b80-4528-88a0-b998ea3781f6
42;München;Kfz-Gutachter Fachmann München;Radlkoferstr. 2;81373;München;Sendling;089 92 13 67 51;info@kfz-schadenexperte.de;Impressum/Website;https://www.kfz-gutachter-fachmann.de/muenchen-schadengutachten;5.0;27;;https://www.gelbeseiten.de/gsbiz/e62ca3fc-46e8-42c0-ae60-956726e95dfd
43;München;KAROYA GmbH;Knappertsbuschstr. 4;81927;München;Bogenhausen;0160 5 93 48 81;info@karo-gutachten.de;Impressum/Website;https://www.karo-gutachten.de/;5.0;20;;https://www.gelbeseiten.de/gsbiz/6847b20b-0dd3-49d7-ab6e-a91a28a12488
44;München;AFR Engineering - KFZ Gutachten;Moosacher Str. 73;80809;München;Milbertshofen;01520 4 56 12 77;gutachten@afr-gmbh.com;Impressum/Website;https://www.afr-gutachten.de;5.0;5;;https://www.gelbeseiten.de/gsbiz/1b825071-75e2-4fd3-8ab2-aab21b608e68
45;München;Kfz Sachverständigen Büro Christian Schreiner;Max-Klinger-Str. 6;82131;Gauting;;089 89 32 87 66;Post@vespa-club-muenchen.de;Impressum/Website;http://www.vespaclub-muenchen.de;5.0;3;;https://www.gelbeseiten.de/gsbiz/3b80161b-a312-4682-9d8e-5f9b849c5c54
46;München;AE KFZ Gutachten;Maximilianstr. 2;80539;München;Altstadt;089 32 40 45 26;info@ae-kfzgutachten.de;Impressum/Website;http://www.ae-kfzgutachten.de;5.0;2;;https://www.gelbeseiten.de/gsbiz/07c8397c-397c-4b21-a7b5-43b8e206dcc2
47;München;Moitz Thomas;Feldmochinger Str. 359C;80995;München;Feldmoching;089 31 23 18 86;Kfz@gutachter-moitz.de;Impressum/Website;http://www.gutachter-feldmoching.com;5.0;2;;https://www.gelbeseiten.de/gsbiz/bb538183-46c1-4c55-b9c2-0b73a0e3033d
48;München;DG-KFZ-GUTACHTEN Daniel Gecic;Leonrodstr. 48A;80636;München;Neuhausen;0176 48 61 46 05;info@dg-kfz-gutachten.de;Impressum/Website;http://www.dg-kfz-gutachten.de;5.0;1;;https://www.gelbeseiten.de/gsbiz/106af26f-4e87-4c4a-bf82-7064611b6cdc
49;München;Kfz-Sachverständigenbüro München-Großhadern;Königswieser Str. 81;81475;München;Fürstenried;089 75 41 95;info@unfall-was-tun.de;Impressum/Website;http://www.unfall-was-tun.de;1.0;1;;https://www.gelbeseiten.de/gsbiz/7ce95607-f34d-4f34-818b-45b1658b0834
50;München;Eschenbach Thomas;Agnes-Bernauer-Str. 94;80687;München;Laim;089 58 95 85 00;info@kfz-buero.de;Impressum/Website;http://www.kfz-buero.de;5.0;1;;https://www.gelbeseiten.de/gsbiz/3e83d158-0d3d-4309-ad93-51df693269d5
51;München;Schuster Marco Kfz-Gutachter München - Sachverständigenbüro;Leopoldstr. 204b;80804;München;Schwabing;089 32 30 72 00;info@schuster-gutachter-muenchen.de;Impressum/Website;https://schuster-gutachter-muenchen.de/;5.0;1;;https://www.gelbeseiten.de/gsbiz/388fac30-82f0-494b-b121-4b480e063f8a
52;München;KFZ-Sachverständigenbüro H. Unfug GmbH;Moosacher Str. 58a;80809;München;Milbertshofen;089 35 65 25 05;info@gutachten-unfug.de;Impressum/Website;https://gutachten-unfug.de;5.0;1;;https://www.gelbeseiten.de/gsbiz/d27f3e3b-0cd4-4b15-b7d5-555cc0a4122c
53;München;Schuster Marco;Leopoldstr. 204b;80804;München;Schwabing;0173 2 38 54 48;info@schuster-gutachter-muenchen.de;Impressum/Website;https://schuster-gutachter-muenchen.de;5.0;1;;https://www.gelbeseiten.de/gsbiz/c432d43e-a37f-495b-8a51-f81aec0aebb3
54;München;Hermann Steffi KFZ Gutachter München - öffentlich bestellt und beeidigt;Westermeierstr. 39;81829;München;Trudering;089 42 88 91;hermann.steffi@t-online.de;Impressum/Website;;;;;https://www.gelbeseiten.de/gsbiz/01f1b02b-103b-4cb4-9ba2-a677d284d669
55;München;Kfz Gutachter München I Meisterwerk  Kfz Gutachten;Boschetsrieder Str. 69;81379;München;;089 54 19 29 48;info@gutachten-meisterwerk.de;Impressum/Website;https://www.kfz-gutachten-meisterwerk.de;;;;https://www.gelbeseiten.de/gsbiz/b23e2f1d-02a5-4e2b-99d8-7ac280699f41
56;München;KFZ-Sachverständigen-Büro Max Bauer;Industriestr. 22;82110;Germering;;089 81 89 29 92;info@svbauer.de;Impressum/Website;http://www.svbauer.de/;;;;https://www.gelbeseiten.de/gsbiz/d3bb6466-9338-40ed-93ce-58c184adef4d
57;München;KFZ Sachverständigenbüro Max Bauer;Flößergasse 7;81369;München;Sendling;089 72 30 02 22;info@svbauer.de;Impressum/Website;http://www.svbauer.de/;;;;https://www.gelbeseiten.de/gsbiz/d7797616-8b7b-4ee8-9a59-492d60aa02e8
58;München;Kfz-Gutachter Ballmann & Partner Martin Ballmann;Heidemannstr. 33;80939;München;Freimann;01520 5 70 95 13;info@kfz-gutachter-ballmann.de;Impressum/Website;https://www.kfz-gutachter-ballmann.de/;;;;https://www.gelbeseiten.de/gsbiz/9707c161-9966-4195-b661-9b15dc36e374
59;München;KFZ Sachverständiger München;Leopoldstr. 48;80802;München;Schwabing;0172 4 09 91 11;;;https://kfzgutachten-muenchen.com;;;;https://www.gelbeseiten.de/gsbiz/ff18de1b-2da2-4c55-81a3-44f59e90dc0b
60;München;Stefan Zitzelsberger Ingenieurbüro & Kfz-Sachverständiger;Neumarkter Str. 76;81673;München;Berg am Laim;089 41 15 64 95;mail@automobil-gutachten.de;Impressum/Website;http://ing-buero-zitzelsberger.de;;;;https://www.gelbeseiten.de/gsbiz/d71b2181-a745-480b-be79-4d09ac8eef5c
61;Köln;Kfz-Gutachten Ebauer;Kaiserstr. 53c;51145;Köln;;0177 5 40 38 52;;;http://www.gutachten-ebauer.de;5.0;24;;https://www.gelbeseiten.de/gsbiz/3453b959-c87c-43e3-93aa-21494b30d992
62;Köln;Scherschel Andreas;Bonner Str. 126;50968;Köln;;0221 38 59 93;info@scherschel.koeln;Impressum/Website;http://www.scherschel.koeln;5.0;19;;https://www.gelbeseiten.de/gsbiz/5cac50a0-a60e-49ef-8937-2f0a7bcad241
63;Köln;ADAC Sachverständige Ing.-Büro Urbach KG;Girlitzweg 20;50829;Köln;;0221 27 04 09 80;info@kfz-urbach.de;Impressum/Website;http://www.kfz-gutachter-urbach.de;4.9;19;ja;https://www.gelbeseiten.de/gsbiz/2263bc3f-cd19-4f04-944a-11187f69cb80
64;Köln;Mückl u. Rehse GbR Ingenieurbüro;Schönhauser Str. 10;50968;Köln;;0221 93 46 49-0;info@mueckl-schwan.de;Impressum/Website;http://www.gtue-koeln.de;4.7;15;ja;https://www.gelbeseiten.de/gsbiz/570c78d8-cb7d-4f53-82e6-a14877e627eb
65;Köln;Kfz Gutachter Köln - SOFORT - Ingenieurbüro für Fahrzeugtechnik;Aachener Str. 37-39;50674;Köln;Neustadt-Süd;01520 8 88 08 43;info@kfz-gutachter-sofort.de;Impressum/Website;https://kfz-gutachter-sofort.de/kfz-gutachter-koeln;5.0;4;;https://www.gelbeseiten.de/gsbiz/4670107d-77ef-4ce1-a70c-520d6a880ee5
66;Köln;tsikaris & findeisen KfZ-Sachverständigenbüro GmbH;Weißer Str. 18;50996;Köln;Rodenkirchen;0221 9 35 24 24;info@sv-tsikaris.de;Impressum/Website;http://www.autounfall-koeln.de;5.0;2;;https://www.gelbeseiten.de/gsbiz/d52a6cbf-df54-42c1-98b0-ae5afec64167
67;Köln;Gaith Hamed Kfz-Sachverständigenbüro Unfa.;Kalk-Mülheimer Str. 282;51065;Köln;Buchforst;0221 25 91 99 62;info@unfallsafe.de;Impressum/Website;http://www.unfallsafe.de;5.0;2;;https://www.gelbeseiten.de/gsbiz/49c6e341-4135-4700-a181-ced51ea724bb
68;Köln;Lider GmbH;Johann-Classen-Str. 2;51103;Köln;;0221 88 74 55 64;info@lider-zpu.de;Impressum/Website;http://www.lider-zpu.de;5.0;1;;https://www.gelbeseiten.de/gsbiz/d440bbb7-acdf-4ca5-8791-f0102feb0549
69;Köln;Lütjen Uwe;Johannes-Albers-Str. 35;50767;Köln;;0221 7 90 10 00;;;http://www.lsl-limousinenservice.de;1.0;1;;https://www.gelbeseiten.de/gsbiz/2cd35ce2-00fb-4eb2-8588-f63e9d2fc23d
70;Köln;ASP & Partner KFZ-Sachverständige;Subbelrather Str. 300A;50825;Köln;Ehrenfeld;0221 54 81 82 28;;;http://www.asp-gutachten.de;5.0;1;;https://www.gelbeseiten.de/gsbiz/8a9a2170-edad-417f-9710-3d522f7b2802
71;Köln;Auto Gutachter Uebelacker;Refrather Weg 60;51469;Bergisch Gladbach;;0221 6 71 19 99;info@fahrzeugschaden.com;Impressum/Website;http://www.fahrzeugschaden.com;;;;https://www.gelbeseiten.de/gsbiz/b56e828c-332f-4086-8445-38f9d5db9a5e
72;Köln;Hildebrand Marco Sachverständigenbüro;Hardenbergstr. 30;51373;Leverkusen;;0214 96 00 30 30;info@marcohildebrand.de;Impressum/Website;http://www.marcohildebrand.de;;;;https://www.gelbeseiten.de/gsbiz/643b400c-d255-4423-88c9-58a82912b9ec
73;Köln;Reemt Janssen Sachverständigen-Station;Clevischer Ring 125;51063;Köln;;0221 64 44 48;info@Gutachten-Station.de;Impressum/Website;https://gutachten-station.com/;;;;https://www.gelbeseiten.de/gsbiz/9e61e6fe-f829-4d4c-b703-af9e68bfc5c0
74;Köln;Scherschel Andreas;Vogelsanger Str. 365;50827;Köln;;0221 54 80 96;info@scherschel.koeln;Impressum/Website;;;;;https://www.gelbeseiten.de/gsbiz/d29684e3-1775-4bbf-9e0d-5ae0c6e1184a
75;Köln;Sperling Dirk;Berggeiststr. 3d;50389;Wesseling;;02236 4 44 70;info@svsperling.de;Impressum/Website;http://www.svsperling.de;;;;https://www.gelbeseiten.de/gsbiz/78bd52d6-8538-490a-9341-80163b600c68
76;Köln;Hanke Andreas KFZ Schadengutachter;Im Weidenauel 8;51503;Rösrath;;0176 32 67 67 39;;;http://www.kfz-schadengutachter-hanke.de;;;;https://www.gelbeseiten.de/gsbiz/09139de2-fa18-492c-94d7-bd1d65260bbd
77;Köln;KFZ-Sachverständige Uberman;Weyerstr. 313;42719;Solingen;Wald;0212 2 54 34 23;kfz@uberman.de;Impressum/Website;https://uberman.de;;;;https://www.gelbeseiten.de/gsbiz/832b2200-e945-4326-b3f5-cac56d614a78
78;Köln;Experts24 KFZ-Sachverständige;Subbelrather Str. 300A;50825;Köln;;0221 98 12 97 07;service@experts24.de;Impressum/Website;http://www.ex24.org;;;;https://www.gelbeseiten.de/gsbiz/11f12465-d920-4f07-ac0f-ca28ac8585c1
79;Köln;El Gameh Mostafa Dipl.-Ing. KFZ-Sachverständige;Taunusstr. 6;51105;Köln;;0221 98 63 46 50;info@auto-gutachter-koeln.de;Impressum/Website;http://www.auto-gutachter-koeln.de;;;;https://www.gelbeseiten.de/gsbiz/be3a8ab1-9745-462c-97e2-8f9a0efaf230
80;Köln;Modlich Walter Kfz.-Sachverständiger;Servatiusstr. 88;51109;Köln;Ostheim;01577 3 74 07 87;;;http://www.kfz-gutachter-modlich.de;;;;https://www.gelbeseiten.de/gsbiz/45fcabbb-1f87-464e-8fb6-de8b5ba1e8ce
81;Frankfurt;MY KFZ-Gutachter Kfz-Sachverständige;Odenwaldring 1;63069;Offenbach am Main;;069 3 48 79 65 40;info@my-kfzgutachter.de;Impressum/Website;http://www.my-kfzgutachter.de;5.0;46;;https://www.gelbeseiten.de/gsbiz/ba9ea1b4-61f7-4601-8e91-32318cc64c11
82;Frankfurt;FACHMANN Frankfurt am Main Kfz Gutachter;Poststr. 2-4;60329;Frankfurt am Main;Gallus;069 34 87 19 87;info@kfz-schadenexperte.de;Impressum/Website;https://www.kfz-gutachter-fachmann.de/frankfurt-schadengutachten;5.0;32;;https://www.gelbeseiten.de/gsbiz/b5787fa9-0c6b-4e3c-a600-38d31cfde007
83;Frankfurt;Unfallgutachten 24 Ing.-Büro Kotsikas;Ronneburgstr. 40;60435;Frankfurt am Main;Eckenheim;069 95 41 01 80;info@unfallgutachten24.de;Impressum/Website;https://www.unfallgutachten24.de;5.0;16;;https://www.gelbeseiten.de/gsbiz/2fe2c192-17ad-4f89-86b4-6218beecbb54
84;Frankfurt;ProfiGutachter Sachverständige;Donauweg 44;63071;Offenbach am Main;Tempelsee;0177 8 15 88 38;info@profigutachter.de;Impressum/Website;http://www.profigutachter.de;5.0;8;;https://www.gelbeseiten.de/gsbiz/ed0ab49c-5a79-446d-889e-1871512f4778
85;Frankfurt;SVS Sach-Verständigen-Stelle f. Kfz-Gutachten, Technik und Controlling  GmbH;Westerbachstr. 134;65936;Frankfurt am Main;Sossenheim;069 6 06 08 60;kontakt@svs-gutachten.de;Impressum/Website;https://www.svs-gutachten.de;5.0;3;;https://www.gelbeseiten.de/gsbiz/547c09f0-d86d-45dc-aebc-a640181e33fd
86;Frankfurt;Rettinger & Kollegen KFZ-Sachverständiger;Schmidtstr. 63;60326;Frankfurt am Main;Gallus;069 73 04 44;;;https://www.sv-rettinger.de;5.0;2;;https://www.gelbeseiten.de/gsbiz/31f96fec-6feb-48b0-a6f6-9f53aadfea70
87;Frankfurt;Sachverständigenbüro Steffen H.W. Kießlich - zert. Kfz.-Gutachter (IHK);Nordendstr. 77;63225;Langen;Hessen;06103 72 83 09;kiesslich@achtungaufgepasst.de;Impressum/Website;http://www.achtungaufgepasst.de;5.0;1;;https://www.gelbeseiten.de/gsbiz/a47b8e8b-7fa1-4d37-ae9b-dfec4b903285
88;Frankfurt;Baseem Suhail Kfz-Sachverständiger;Stieglitzstr. 12;63263;Neu-Isenburg;Gravenbruch;06102 3 25 73 26;info@kfz-unfallzentrum.de;Impressum/Website;http://www.kfz-unfallzentrum.de;5.0;1;;https://www.gelbeseiten.de/gsbiz/8d81e78c-c325-41fe-99ae-1291a945adbf
89;Frankfurt;Dengler D. Kfz-Sachverständigen-Büro;Rhönstr. 62;63071;Offenbach am Main;;069 83 00 88 80;;;http://www.sv-dengler.de;5.0;1;;https://www.gelbeseiten.de/gsbiz/fdec02ca-942d-4174-9af8-401de2e06ea8
90;Frankfurt;Becht KFZ Gutachter;Mittlerer Hasenpfad 38;60598;Frankfurt am Main;Sachsenhausen;069 66 56 30 11;info@becht-sv.de;Impressum/Website;http://www.becht-sv.de;5.0;1;;https://www.gelbeseiten.de/gsbiz/1952718d-24a0-4297-9e93-1ec28a6d2254
91;Frankfurt;Dedeci Celil KFZ-Sachverständigenbüro;Frankfurter Str. 200;63263;Neu-Isenburg;;06102 8 15 15 85;;;http://www.KFZ-Schaden.net;5.0;1;;https://www.gelbeseiten.de/gsbiz/26b67852-af04-4353-89f1-db34b9972778
92;Frankfurt;SV-Janz Kfz-Sachverständiger;Saalfelder Str. 13;65931;Frankfurt am Main;Zeilsheim;069 36 40 87 70;;;http://www.SV-Janz.de;1.0;1;;https://www.gelbeseiten.de/gsbiz/af1be518-0e9f-4b27-a49d-d3f156522170
93;Frankfurt;Auto Gutachten Dipl.-Wirtsch.-Ing. Ferdinand Wolf / KFZ-Sachverständigenbüro;Berger Str. 275;60385;Frankfurt am Main;Bornheim;069 38 07 35 49;info@auto-gutachten.net;Impressum/Website;https://auto-gutachten.net;;;;https://www.gelbeseiten.de/gsbiz/6c11ded9-db74-4e3b-b6ff-57b10dcff962
94;Frankfurt;Neubauer und Kaeswurm GmbH;Homburger Str. 61;61118;Bad Vilbel;;06101 8 30 81;sv@neubauer-kaeswurm.de;Impressum/Website;http://www.neubauer-kaeswurm.de;;;;https://www.gelbeseiten.de/gsbiz/6a6293f4-639e-4e12-b8b4-6c03f8729999
95;Frankfurt;Belz H. Dipl.-Ing. VDI;Dielmannstr. 54;60599;Frankfurt am Main;Sachsenhausen;069 68 26 01;info@belz-expert.de;Impressum/Website;https://www.belz-expert.de;;;;https://www.gelbeseiten.de/gsbiz/e55d826e-ad9e-49ce-a00f-587f6fa6c276
96;Frankfurt;KFZ Gutachter 7 | Rhein Main KFZ Sachverständigenbüro;Berner Str. 109;60437;Frankfurt am Main;Nieder-Eschbach;0179 1 12 05 16;;;https://kfzgutachter7.de;;;;https://www.gelbeseiten.de/gsbiz/29640c67-3698-4f36-9b88-576aacc4bab4
97;Frankfurt;FELZ Kfz-Gutachten;Sandweg 32;60316;Frankfurt am Main;Ostend;069 67 83 35 45;info@felz-gutachten.de;Impressum/Website;https://felz-gutachten.de/;;;;https://www.gelbeseiten.de/gsbiz/20f384aa-715d-4aea-8cbc-275c4f188b63
98;Frankfurt;Ingenieurbüro Aktürk;Mainzer Landstr. 539;65933;Frankfurt am Main;Griesheim;0160 92 78 63 16;kontakt@ingenieurbuero-aktuerk.de;Impressum/Website;https://ingenieurbuero-aktuerk.de;;;;https://www.gelbeseiten.de/gsbiz/aa511dcf-42f5-4c74-8e85-1e4307702140
99;Frankfurt;Gutachter24 Kfz-Sachverständige;Frankenallee 189;60326;Frankfurt am Main;Gallus;069 3 48 75 28 05;;;http://www.gutachter24.de;;;;https://www.gelbeseiten.de/gsbiz/b8ec7b75-51cc-49a4-b4a0-c6a188470588
100;Frankfurt;HM | Kfz-Sachverständiger;Ginnheimer Landstr. 174;60431;Frankfurt am Main;Ginnheim;0176 21 02 34 75;;;https://www.instagram.com/hm_kfz_sv;;;;https://www.gelbeseiten.de/gsbiz/4d4571cb-b72a-43cb-bf10-09a80eb7969f
